{
    "images": [
        {
            "height": 640,
            "width": 640,
            "id": 1,
            "file_name": "1165_0_2048_640_2688.jpg"
        },
        {
            "height": 640,
            "width": 640,
            "id": 2,
            "file_name": "1165_0_2251_640_2891.jpg"
        },
        {
            "height": 640,
            "width": 640,
            "id": 3,
            "file_name": "1154_0_0_640_640.jpg"
        },
        {
            "height": 640,
            "width": 640,
            "id": 4,
            "file_name": "1154_0_512_640_1152.jpg"
        },
        {
            "height": 640,
            "width": 640,
            "id": 5,
            "file_name": "2341_2048_1024_2688_1664.jpg"
        },
        {
            "height": 640,
            "width": 640,
            "id": 6,
            "file_name": "2341_2560_1024_3200_1664.jpg"
        },
        {
            "height": 640,
            "width": 640,
            "id": 7,
            "file_name": "2341_2560_1536_3200_2176.jpg"
        },
        {
            "height": 640,
            "width": 640,
            "id": 8,
            "file_name": "2315_512_0_1152_640.jpg"
        },
        {
            "height": 640,
            "width": 640,
            "id": 9,
            "file_name": "2315_1024_0_1664_640.jpg"
        }
    ],
    "annotations": [
        {
            "iscrowd": 0,
            "image_id": 1,
            "bbox": [
                139.0,
                126.0,
                120.0,
                123.0
            ],
            "segmentation": [
                [
                    139,
                    126,
                    139,
                    249,
                    259,
                    249,
                    259,
                    126
                ]
            ],
            "category_id": 2,
            "id": 1,
            "area": 14760
        },
        {
            "iscrowd": 0,
            "image_id": 2,
            "bbox": [
                139.0,
                0.0,
                120.0,
                46.0
            ],
            "segmentation": [
                [
                    139,
                    46,
                    259,
                    46,
                    259,
                    0,
                    139,
                    0
                ]
            ],
            "category_id": 2,
            "id": 2,
            "area": 5520
        },
        {
            "iscrowd": 0,
            "image_id": 3,
            "bbox": [
                205.0,
                304.0,
                28.0,
                42.0
            ],
            "segmentation": [
                [
                    205,
                    304,
                    205,
                    346,
                    233,
                    346,
                    233,
                    304
                ]
            ],
            "category_id": 1,
            "id": 3,
            "area": 1176
        },
        {
            "iscrowd": 0,
            "image_id": 3,
            "bbox": [
                202.0,
                379.0,
                14.0,
                42.0
            ],
            "segmentation": [
                [
                    202,
                    379,
                    202,
                    421,
                    216,
                    421,
                    216,
                    379
                ]
            ],
            "category_id": 1,
            "id": 4,
            "area": 588
        },
        {
            "iscrowd": 0,
            "image_id": 4,
            "bbox": [
                153.0,
                394.0,
                28.0,
                38.0
            ],
            "segmentation": [
                [
                    153,
                    394,
                    153,
                    432,
                    181,
                    432,
                    181,
                    394
                ]
            ],
            "category_id": 1,
            "id": 5,
            "area": 1064
        },
        {
            "iscrowd": 0,
            "image_id": 5,
            "bbox": [
                584.0,
                403.0,
                56.0,
                130.0
            ],
            "segmentation": [
                [
                    584,
                    403,
                    584,
                    533,
                    640,
                    533,
                    640,
                    403
                ]
            ],
            "category_id": 1,
            "id": 6,
            "area": 7280
        },
        {
            "iscrowd": 0,
            "image_id": 6,
            "bbox": [
                72.0,
                403.0,
                114.0,
                130.0
            ],
            "segmentation": [
                [
                    72,
                    403,
                    72,
                    533,
                    186,
                    533,
                    186,
                    403
                ]
            ],
            "category_id": 1,
            "id": 7,
            "area": 14820
        },
        {
            "iscrowd": 0,
            "image_id": 7,
            "bbox": [
                72.0,
                0.0,
                114.0,
                21.0
            ],
            "segmentation": [
                [
                    72,
                    21,
                    186,
                    21,
                    186,
                    0,
                    72,
                    0
                ]
            ],
            "category_id": 1,
            "id": 8,
            "area": 2394
        },
        {
            "iscrowd": 0,
            "image_id": 8,
            "bbox": [
                525.0,
                158.0,
                34.0,
                48.0
            ],
            "segmentation": [
                [
                    525,
                    158,
                    525,
                    206,
                    559,
                    206,
                    559,
                    158
                ]
            ],
            "category_id": 1,
            "id": 9,
            "area": 1632
        },
        {
            "iscrowd": 0,
            "image_id": 9,
            "bbox": [
                13.0,
                158.0,
                34.0,
                48.0
            ],
            "segmentation": [
                [
                    13,
                    158,
                    13,
                    206,
                    47,
                    206,
                    47,
                    158
                ]
            ],
            "category_id": 1,
            "id": 10,
            "area": 1632
        }
    ],
    "categories": [
        {
            "id": 1,
            "name": "Fixed-wing Aircraft",
            "supercategory": "Fixed-wing Aircraft"
        },
        {
            "id": 2,
            "name": "Cargo Plane",
            "supercategory": "Cargo Plane"
        }
    ]
}